Passenger_ID,Passenger_Name,Class,Booking_ID,Booking_Date,Airline,Source,Destination,Traveling_Date,Take_Off_Time,Arriving_Date,Landing_Time,Duration_in_hours,Price
1,Odika Rama,Premium Economy,1,09-01-2021,SpiceJet,Pune,Delhi,29-01-2021,14:49:00,29-01-2021,19:47:00,5,7996
1,Odika Rama,Premium Economy,2,27-04-2021,Akasa Air,Lucknow,Delhi,28-04-2021,09:08:00,28-04-2021,13:16:00,4,9011
1,Odika Rama,Premium Economy,3,18-10-2022,Akasa Air,Hyderabad,Patna,16-11-2022,11:19:00,16-11-2022,14:16:00,3,10179
2,Ryan Jha,Business,4,07-12-2020,TruJet,Delhi,Chennai,14-12-2020,19:19:00,14-12-2020,01:54:00,7,7452
2,Ryan Jha,Business,5,02-04-2021,SpiceJet,Patna,Indore,26-04-2021,21:44:00,26-04-2021,03:21:00,6,9741
2,Ryan Jha,Business,6,26-01-2020,Akasa Air,Ahmedabad,Jaipur,18-02-2020,15:32:00,18-02-2020,21:02:00,6,6563
3,Megha Keer,Economy,7,31-12-2018,Vistara,Hyderabad,Bangalore,12-01-2019,06:19:00,12-01-2019,11:25:00,5,5310
3,Megha Keer,Economy,8,09-12-2022,Alliance Air,Ahmedabad,Bangalore,27-12-2022,05:43:00,27-12-2022,13:03:00,7,12992
3,Megha Keer,Economy,9,25-06-2018,TruJet,Hyderabad,Bangalore,10-07-2018,18:29:00,10-07-2018,02:04:00,8,9156
4,Zaitra Minhas,Premium Economy,10,17-07-2019,IndiGo,Kolkata,Chennai,29-07-2019,15:53:00,29-07-2019,16:55:00,1,3975
4,Zaitra Minhas,Premium Economy,11,14-05-2020,Alliance Air,Lucknow,Patna,16-05-2020,12:56:00,16-05-2020,17:51:00,5,13734
5,Aarav Ram,Business,12,03-12-2020,Akasa Air,Ahmedabad,Chennai,17-12-2020,13:41:00,17-12-2020,18:57:00,5,12501
5,Aarav Ram,Business,13,25-02-2018,IndiGo,Jaipur,Chennai,27-02-2018,05:39:00,27-02-2018,10:45:00,5,4044
6,Yauvani Raj,Business,14,29-05-2022,TruJet,Chennai,Bangalore,16-06-2022,17:34:00,16-06-2022,21:34:00,4,11712
6,Yauvani Raj,Business,15,21-03-2022,Akasa Air,Ahmedabad,Mumbai,29-03-2022,14:42:00,29-03-2022,16:52:00,2,6726
7,Neha Anand,Business,17,30-12-2019,Alliance Air,Kolkata,Jaipur,24-01-2020,11:25:00,24-01-2020,19:08:00,8,4174
8,Vrishti Shan,Economy,18,30-04-2018,Star Air,Mumbai,Bangalore,25-05-2018,16:04:00,25-05-2018,22:10:00,6,3731
8,Vrishti Shan,Economy,19,11-10-2020,Star Air,Jaipur,Mumbai,26-10-2020,21:53:00,26-10-2020,04:49:00,7,3531
9,Triya Rattan,Economy,20,14-11-2019,Air India,Goa,Jaipur,09-12-2019,09:28:00,09-12-2019,11:12:00,2,10632
9,Triya Rattan,Economy,21,26-07-2018,Akasa Air,Hyderabad,Chennai,08-08-2018,19:02:00,08-08-2018,00:39:00,6,11588
9,Triya Rattan,Economy,22,12-12-2021,AirAsia India,Goa,Kolkata,23-12-2021,13:02:00,23-12-2021,19:49:00,7,12882
10,Sachi Oommen,Business,23,16-02-2018,SpiceJet,Mumbai,Cochin,16-03-2018,12:26:00,16-03-2018,19:33:00,7,3585
10,Sachi Oommen,Business,24,25-03-2022,TruJet,Ahmedabad,Hyderabad,30-03-2022,17:01:00,30-03-2022,21:29:00,4,13666
14,Tara Radhakrishnan,Business,29,19-08-2021,Star Air,Bangalore,Kolkata,17-09-2021,18:04:00,17-09-2021,23:41:00,6,7547
16,Lohit Nagarajan,Economy,32,23-08-2021,Vistara,Delhi,Mumbai,29-08-2021,21:55:00,29-08-2021,04:42:00,7,8522
17,Veer Jhaveri,Business,33,04-03-2020,Star Air,Cochin,Kolkata,20-03-2020,11:53:00,20-03-2020,19:20:00,7,13010
19,Sanya Bhardwaj,Premium Economy,35,22-08-2022,IndiGo,Cochin,Lucknow,27-08-2022,20:36:00,27-08-2022,04:02:00,7,4898
20,Rushil Kaul,Economy,36,18-01-2020,AirAsia India,Pune,Delhi,23-01-2020,20:28:00,23-01-2020,02:18:00,6,12502
21,Gopal Boase,Business,37,30-10-2022,Go First,Pune,Lucknow,18-11-2022,16:11:00,18-11-2022,22:55:00,7,4556
21,Gopal Boase,Business,38,10-05-2020,Air India,Indore,Kolkata,18-05-2020,07:10:00,18-05-2020,09:30:00,2,5689
22,Imaran Bhat,Economy,39,04-10-2018,Air India,Kolkata,Bangalore,09-10-2018,06:17:00,09-10-2018,08:44:00,2,3286
22,Imaran Bhat,Economy,40,18-01-2018,Akasa Air,Bangalore,Ahmedabad,27-01-2018,20:10:00,27-01-2018,00:14:00,4,7269
23,Gagan Hora,Economy,41,11-02-2018,IndiGo,Bangalore,Ahmedabad,08-03-2018,21:09:00,08-03-2018,03:32:00,6,8004
23,Gagan Hora,Economy,42,08-02-2018,Air India,Bangalore,Hyderabad,20-02-2018,16:31:00,20-02-2018,20:56:00,4,10233
24,Chaaya Radhakrishnan,Economy,43,29-08-2020,Alliance Air,Patna,Goa,13-09-2020,05:53:00,13-09-2020,12:29:00,7,12113
24,Chaaya Radhakrishnan,Economy,44,12-10-2020,Go First,Ahmedabad,Bangalore,31-10-2020,20:39:00,31-10-2020,00:40:00,4,13249
25,Tanay Pal,Economy,46,13-11-2019,AirAsia India,Cochin,Chennai,25-11-2019,08:43:00,25-11-2019,14:57:00,6,4424
25,Tanay Pal,Economy,47,21-08-2018,Go First,Hyderabad,Cochin,19-09-2018,07:08:00,19-09-2018,10:30:00,3,12166
26,Frado Walla,Economy,48,28-04-2020,AirAsia India,Pune,Cochin,07-05-2020,07:02:00,07-05-2020,08:37:00,2,3141
27,Chandani Saxena,Business,50,24-06-2022,SpiceJet,Cochin,Kolkata,07-07-2022,12:51:00,07-07-2022,15:29:00,3,3216
28,Bhanumati Krishna,Premium Economy,52,25-12-2020,Air India,Hyderabad,Pune,13-01-2021,13:31:00,13-01-2021,18:39:00,5,7605
29,Ira Muni,Business,53,19-01-2022,Go First,Kolkata,Ahmedabad,18-02-2022,19:00:00,18-02-2022,22:52:00,4,6155
30,Omisha Das,Business,54,07-07-2020,TruJet,Indore,Jaipur,23-07-2020,12:11:00,23-07-2020,14:06:00,2,6468
30,Omisha Das,Business,55,24-09-2020,TruJet,Mumbai,Delhi,23-10-2020,09:21:00,23-10-2020,14:51:00,6,11328
31,Aarnav Toor,Economy,56,09-10-2021,IndiGo,Patna,Indore,29-10-2021,08:07:00,29-10-2021,11:39:00,4,8033
32,Qabil Edwin,Economy,57,14-11-2021,Alliance Air,Delhi,Indore,08-12-2021,17:50:00,08-12-2021,01:36:00,8,9850
33,Ikbal Mani,Economy,60,07-05-2022,Star Air,Chennai,Goa,09-05-2022,11:52:00,09-05-2022,17:22:00,6,5426
34,Oni Wable,Premium Economy,61,23-04-2021,Alliance Air,Bangalore,Kolkata,07-05-2021,09:13:00,07-05-2021,13:32:00,4,14407
34,Oni Wable,Premium Economy,62,17-09-2020,Vistara,Lucknow,Patna,09-10-2020,19:58:00,09-10-2020,22:46:00,3,8927
34,Oni Wable,Premium Economy,63,22-03-2019,Go First,Delhi,Pune,07-04-2019,07:16:00,07-04-2019,11:18:00,4,10660
35,Ayaan Dara,Premium Economy,65,02-06-2021,IndiGo,Cochin,Chennai,30-06-2021,12:03:00,30-06-2021,13:58:00,2,14364
36,Charita Bajaj,Premium Economy,67,20-01-2020,SpiceJet,Delhi,Chennai,05-02-2020,18:48:00,05-02-2020,22:38:00,4,9855
37,Tarak Chokshi,Premium Economy,68,19-02-2020,AirAsia India,Delhi,Lucknow,09-03-2020,16:38:00,09-03-2020,23:37:00,7,8370
37,Tarak Chokshi,Premium Economy,69,07-11-2022,Vistara,Hyderabad,Kolkata,14-11-2022,21:56:00,14-11-2022,00:43:00,3,9141
38,Ishita Ratta,Premium Economy,71,11-10-2021,SpiceJet,Cochin,Patna,17-10-2021,21:52:00,17-10-2021,02:49:00,5,13212
39,Bhavani Subramanian,Economy,72,25-12-2021,AirAsia India,Pune,Lucknow,10-01-2022,06:22:00,10-01-2022,09:01:00,3,7176
40,Garima Kala,Business,73,15-02-2022,Air India,Indore,Patna,09-03-2022,06:02:00,09-03-2022,07:37:00,2,14354
40,Garima Kala,Business,74,18-03-2020,TruJet,Cochin,Hyderabad,01-04-2020,15:40:00,01-04-2020,22:40:00,7,4692
41,Ekbal Nanda,Premium Economy,75,21-05-2022,IndiGo,Ahmedabad,Mumbai,26-05-2022,21:31:00,26-05-2022,03:54:00,6,5417
42,Hemal Vaidya,Premium Economy,76,15-07-2019,IndiGo,Goa,Jaipur,31-07-2019,13:14:00,31-07-2019,19:33:00,6,14291
42,Hemal Vaidya,Premium Economy,77,26-09-2021,Star Air,Indore,Bangalore,05-10-2021,14:53:00,05-10-2021,19:15:00,4,12225
43,Eiravati Agarwal,Business,78,21-11-2020,Akasa Air,Jaipur,Bangalore,26-11-2020,11:59:00,26-11-2020,19:52:00,8,10945
43,Eiravati Agarwal,Business,79,22-03-2019,Air India,Patna,Cochin,21-04-2019,14:23:00,21-04-2019,20:15:00,6,6875
44,Maanav Palan,Economy,80,01-03-2020,Vistara,Goa,Mumbai,17-03-2020,07:38:00,17-03-2020,13:54:00,6,9039
45,Bhavani Rattan,Economy,83,11-03-2019,Go First,Goa,Indore,04-04-2019,11:30:00,04-04-2019,18:45:00,7,12677
45,Bhavani Rattan,Economy,84,15-06-2022,Akasa Air,Mumbai,Kolkata,05-07-2022,08:52:00,05-07-2022,11:58:00,3,5740
46,Dalbir Yohannan,Premium Economy,85,21-01-2022,AirAsia India,Pune,Goa,10-02-2022,19:36:00,10-02-2022,23:44:00,4,13454
46,Dalbir Yohannan,Premium Economy,86,15-11-2018,Star Air,Delhi,Ahmedabad,12-12-2018,06:46:00,12-12-2018,12:25:00,6,12055
47,Omisha Lad,Economy,88,10-06-2020,TruJet,Indore,Hyderabad,08-07-2020,08:00:00,08-07-2020,12:27:00,4,6484
47,Omisha Lad,Economy,90,23-12-2022,Vistara,Hyderabad,Patna,03-01-2023,07:18:00,03-01-2023,14:29:00,7,9595
48,Darsh Tiwari,Economy,91,01-09-2022,Go First,Kolkata,Indore,13-09-2022,06:25:00,13-09-2022,11:48:00,5,14518
49,Adya Karnik,Business,94,17-09-2021,Alliance Air,Lucknow,Ahmedabad,04-10-2021,06:35:00,04-10-2021,11:45:00,5,8053
50,Utkarsh Prashad,Economy,95,05-01-2018,Vistara,Lucknow,Patna,22-01-2018,12:36:00,22-01-2018,19:24:00,7,6387
51,Lakshmi Devi,Economy,96,23-05-2021,IndiGo,Patna,Jaipur,21-06-2021,19:25:00,21-06-2021,23:15:00,4,9624
52,Warjas Buch,Premium Economy,97,26-06-2018,SpiceJet,Ahmedabad,Chennai,25-07-2018,20:40:00,25-07-2018,23:07:00,2,12339
52,Warjas Buch,Premium Economy,98,21-08-2021,Go First,Pune,Lucknow,07-09-2021,14:48:00,07-09-2021,21:58:00,7,5862
52,Warjas Buch,Premium Economy,99,19-10-2019,Vistara,Lucknow,Patna,24-10-2019,20:47:00,24-10-2019,03:24:00,7,9263
53,Yoshita Nanda,Economy,100,07-06-2020,AirAsia India,Goa,Jaipur,19-06-2020,12:54:00,19-06-2020,20:02:00,7,3348
54,Irya Rastogi,Economy,101,30-10-2019,Vistara,Hyderabad,Patna,07-11-2019,14:02:00,07-11-2019,19:36:00,6,6928
55,Chaitaly Chaudry,Business,102,30-05-2020,AirAsia India,Patna,Pune,07-06-2020,09:41:00,07-06-2020,11:30:00,2,6829
56,Ganga Raman,Economy,104,05-09-2018,AirAsia India,Chennai,Delhi,20-09-2018,14:05:00,20-09-2018,17:48:00,4,8906
57,Ranbir Kaur,Premium Economy,105,11-07-2021,Vistara,Bangalore,Ahmedabad,01-08-2021,05:39:00,01-08-2021,10:32:00,5,10806
58,Abhiram Morar,Premium Economy,106,16-05-2020,TruJet,Bangalore,Delhi,14-06-2020,16:13:00,14-06-2020,21:58:00,6,6859
58,Abhiram Morar,Premium Economy,107,05-11-2019,Star Air,Mumbai,Patna,30-11-2019,11:50:00,30-11-2019,13:59:00,2,12928
58,Abhiram Morar,Premium Economy,108,04-10-2021,TruJet,Mumbai,Chennai,18-10-2021,06:37:00,18-10-2021,08:23:00,2,11067
59,Akshay Balakrishnan,Business,109,29-04-2022,Alliance Air,Cochin,Goa,01-05-2022,12:29:00,01-05-2022,16:34:00,4,10217
59,Akshay Balakrishnan,Business,110,14-04-2020,IndiGo,Chennai,Jaipur,07-05-2020,08:22:00,07-05-2020,15:21:00,7,6744
59,Akshay Balakrishnan,Business,111,09-05-2021,TruJet,Kolkata,Patna,31-05-2021,13:57:00,31-05-2021,18:29:00,5,8165
60,Ansh Khosla,Premium Economy,112,04-10-2022,Go First,Delhi,Indore,02-11-2022,19:22:00,02-11-2022,02:19:00,7,13617
60,Ansh Khosla,Premium Economy,113,18-09-2022,Star Air,Delhi,Patna,19-09-2022,14:16:00,19-09-2022,22:10:00,8,6321
61,Ria Kata,Economy,114,20-01-2022,Air India,Ahmedabad,Indore,06-02-2022,19:10:00,06-02-2022,20:51:00,2,10266
62,Kai Gola,Business,115,17-08-2020,SpiceJet,Pune,Ahmedabad,07-09-2020,11:36:00,07-09-2020,15:50:00,4,10058
63,Amol Subramaniam,Business,116,20-04-2021,Vistara,Jaipur,Cochin,17-05-2021,18:50:00,17-05-2021,22:15:00,3,7988
64,Kevin Brar,Premium Economy,117,06-09-2020,Star Air,Ahmedabad,Chennai,08-09-2020,15:46:00,08-09-2020,19:26:00,4,9323
64,Kevin Brar,Premium Economy,118,12-12-2021,Star Air,Hyderabad,Jaipur,08-01-2022,18:26:00,08-01-2022,20:53:00,2,3615
65,Kiaan Pillai,Business,119,02-06-2018,Akasa Air,Pune,Lucknow,26-06-2018,18:55:00,26-06-2018,23:44:00,5,5060
66,Prisha Bansal,Premium Economy,120,30-05-2019,SpiceJet,Indore,Goa,15-06-2019,11:08:00,15-06-2019,18:08:00,7,7052
66,Prisha Bansal,Premium Economy,122,13-11-2022,Star Air,Indore,Patna,03-12-2022,18:41:00,03-12-2022,02:26:00,8,6854
67,Orinder Jaggi,Economy,123,04-05-2020,Akasa Air,Hyderabad,Pune,03-06-2020,12:49:00,03-06-2020,16:43:00,4,4821
68,Oviya Lanka,Premium Economy,124,24-10-2022,SpiceJet,Hyderabad,Jaipur,31-10-2022,09:40:00,31-10-2022,12:58:00,3,9212
68,Oviya Lanka,Premium Economy,126,11-02-2021,Alliance Air,Mumbai,Indore,03-03-2021,15:09:00,03-03-2021,22:57:00,8,9685
69,Maanas Rau,Business,127,18-01-2020,Go First,Bangalore,Hyderabad,28-01-2020,15:39:00,28-01-2020,23:02:00,7,10011
69,Maanas Rau,Business,128,10-07-2022,Go First,Delhi,Ahmedabad,21-07-2022,11:36:00,21-07-2022,18:17:00,7,13711
70,Brijesh Sundaram,Economy,129,29-04-2019,AirAsia India,Hyderabad,Patna,03-05-2019,13:04:00,03-05-2019,15:08:00,2,7602
71,Madhavi Shenoy,Economy,130,27-12-2019,Vistara,Indore,Cochin,30-12-2019,20:44:00,30-12-2019,23:23:00,3,13097
72,Liam Kannan,Premium Economy,131,06-06-2020,Akasa Air,Kolkata,Lucknow,29-06-2020,18:33:00,29-06-2020,01:53:00,7,9270
73,Rachit Aggarwal,Business,133,12-05-2022,Vistara,Lucknow,Bangalore,19-05-2022,14:43:00,19-05-2022,21:59:00,7,14206
73,Rachit Aggarwal,Business,134,07-02-2020,TruJet,Patna,Cochin,28-02-2020,10:37:00,28-02-2020,11:51:00,1,7381
74,Wridesh Palan,Economy,135,17-03-2018,AirAsia India,Jaipur,Mumbai,29-03-2018,06:55:00,29-03-2018,09:34:00,3,6998
74,Wridesh Palan,Economy,136,22-03-2020,Go First,Delhi,Goa,31-03-2020,19:01:00,31-03-2020,02:25:00,7,12307
75,Ryan Batra,Business,137,05-06-2018,AirAsia India,Chennai,Hyderabad,07-06-2018,12:24:00,07-06-2018,14:49:00,2,14300
75,Ryan Batra,Business,138,12-12-2022,Akasa Air,Goa,Bangalore,30-12-2022,21:34:00,30-12-2022,01:33:00,4,12011
77,Ishani Khalsa,Business,140,14-06-2021,TruJet,Hyderabad,Chennai,05-07-2021,18:01:00,05-07-2021,21:03:00,3,9008
77,Ishani Khalsa,Business,141,15-07-2022,SpiceJet,Patna,Bangalore,14-08-2022,08:33:00,14-08-2022,12:21:00,4,14215
77,Ishani Khalsa,Business,142,28-09-2020,Star Air,Ahmedabad,Indore,18-10-2020,19:29:00,18-10-2020,00:31:00,5,7678
78,Anjali Dash,Premium Economy,143,21-05-2020,Go First,Mumbai,Goa,08-06-2020,05:53:00,08-06-2020,07:21:00,1,5245
79,Jackson Cheema,Economy,144,03-04-2021,Go First,Indore,Hyderabad,08-04-2021,07:11:00,08-04-2021,10:41:00,4,8542
79,Jackson Cheema,Economy,145,03-09-2022,Vistara,Bangalore,Jaipur,23-09-2022,12:55:00,23-09-2022,16:34:00,4,14757
80,Praneel Bumb,Economy,147,11-10-2022,SpiceJet,Chennai,Cochin,07-11-2022,09:51:00,07-11-2022,16:25:00,7,9404
81,Alexander Srinivas,Premium Economy,148,31-07-2018,Vistara,Chennai,Pune,14-08-2018,12:02:00,14-08-2018,14:31:00,2,12340
82,Rajata Loyal,Premium Economy,150,16-05-2021,Star Air,Hyderabad,Goa,07-06-2021,08:24:00,07-06-2021,15:06:00,7,5945
83,Kamala Johal,Business,151,22-03-2019,Air India,Delhi,Goa,13-04-2019,13:40:00,13-04-2019,16:01:00,2,3983
83,Kamala Johal,Business,153,19-09-2020,AirAsia India,Kolkata,Hyderabad,01-10-2020,07:06:00,01-10-2020,08:39:00,2,11408
84,Madhavi Krishnan,Business,154,23-07-2021,SpiceJet,Cochin,Bangalore,31-07-2021,20:13:00,31-07-2021,00:36:00,4,11346
84,Madhavi Krishnan,Business,155,19-05-2018,Alliance Air,Jaipur,Kolkata,26-05-2018,13:37:00,26-05-2018,21:35:00,8,8491
84,Madhavi Krishnan,Business,156,29-12-2019,TruJet,Mumbai,Pune,20-01-2020,19:41:00,20-01-2020,22:27:00,3,14174
85,Logan Bhatnagar,Business,157,29-09-2022,Air India,Ahmedabad,Jaipur,15-10-2022,20:58:00,15-10-2022,01:20:00,4,13677
85,Logan Bhatnagar,Business,158,09-01-2022,Air India,Lucknow,Goa,12-01-2022,11:35:00,12-01-2022,17:20:00,6,10378
85,Logan Bhatnagar,Business,159,28-03-2019,Vistara,Ahmedabad,Cochin,14-04-2019,14:10:00,14-04-2019,17:15:00,3,13702
86,Lekha Rajagopalan,Business,160,15-10-2019,IndiGo,Delhi,Mumbai,27-10-2019,06:42:00,27-10-2019,09:48:00,3,5722
86,Lekha Rajagopalan,Business,161,06-11-2019,Air India,Pune,Kolkata,23-11-2019,15:16:00,23-11-2019,21:29:00,6,13439
87,Gavin Rau,Premium Economy,162,16-09-2020,IndiGo,Chennai,Pune,23-09-2020,13:26:00,23-09-2020,20:01:00,7,12697
87,Gavin Rau,Premium Economy,163,01-08-2022,Air India,Indore,Ahmedabad,03-08-2022,20:24:00,03-08-2022,03:38:00,7,9653
87,Gavin Rau,Premium Economy,164,06-01-2022,IndiGo,Jaipur,Goa,23-01-2022,17:03:00,23-01-2022,20:32:00,3,12543
88,Aishani Konda,Premium Economy,165,21-12-2021,AirAsia India,Pune,Patna,09-01-2022,12:35:00,09-01-2022,16:50:00,4,13526
88,Aishani Konda,Premium Economy,166,31-07-2020,Air India,Patna,Chennai,27-08-2020,09:43:00,27-08-2020,17:24:00,8,4564
89,Nitara Gole,Business,167,25-07-2019,Alliance Air,Goa,Lucknow,29-07-2019,10:39:00,29-07-2019,17:31:00,7,5052
90,Aahana Vig,Premium Economy,168,09-04-2021,AirAsia India,Delhi,Ahmedabad,15-04-2021,07:46:00,15-04-2021,12:37:00,5,3953
90,Aahana Vig,Premium Economy,169,20-05-2020,IndiGo,Chennai,Pune,27-05-2020,17:08:00,27-05-2020,19:25:00,2,11601
91,Kamala Pau,Premium Economy,170,08-12-2022,Akasa Air,Indore,Bangalore,18-12-2022,13:23:00,18-12-2022,15:08:00,2,6390
91,Kamala Pau,Premium Economy,171,07-10-2020,SpiceJet,Patna,Delhi,10-10-2020,07:40:00,10-10-2020,14:04:00,6,12856
92,George Ramesh,Economy,172,09-04-2020,Star Air,Hyderabad,Chennai,19-04-2020,06:22:00,19-04-2020,07:22:00,1,3307
93,Urvashi Varma,Economy,173,13-01-2020,Alliance Air,Pune,Jaipur,11-02-2020,07:41:00,11-02-2020,08:47:00,1,10809
93,Urvashi Varma,Economy,174,14-03-2018,AirAsia India,Kolkata,Cochin,09-04-2018,19:38:00,09-04-2018,22:10:00,3,7607
94,Quincy Srinivasan,Premium Economy,175,06-01-2021,Vistara,Bangalore,Hyderabad,19-01-2021,08:25:00,19-01-2021,14:45:00,6,13760
94,Quincy Srinivasan,Premium Economy,176,08-02-2018,Air India,Delhi,Chennai,27-02-2018,12:30:00,27-02-2018,20:29:00,8,11580
94,Quincy Srinivasan,Premium Economy,177,26-12-2021,Alliance Air,Pune,Hyderabad,12-01-2022,05:54:00,12-01-2022,07:57:00,2,12843
95,Balvan Bail,Economy,178,14-09-2018,Air India,Goa,Ahmedabad,20-09-2018,15:46:00,20-09-2018,18:40:00,3,8533
95,Balvan Bail,Economy,179,23-03-2022,Alliance Air,Indore,Kolkata,05-04-2022,08:05:00,05-04-2022,09:38:00,2,14220
95,Balvan Bail,Economy,180,07-08-2020,Star Air,Ahmedabad,Cochin,12-08-2020,10:22:00,12-08-2020,13:13:00,3,8112
97,Arunima Raju,Economy,182,30-01-2020,IndiGo,Lucknow,Bangalore,11-02-2020,07:40:00,11-02-2020,13:46:00,6,14648
97,Arunima Raju,Economy,183,01-06-2021,Star Air,Kolkata,Lucknow,07-06-2021,19:04:00,07-06-2021,21:33:00,2,12650
97,Arunima Raju,Economy,184,25-01-2021,Alliance Air,Hyderabad,Kolkata,16-02-2021,20:32:00,16-02-2021,00:43:00,4,10313
98,Daksh Purohit,Premium Economy,185,27-12-2018,Air India,Cochin,Kolkata,11-01-2019,06:59:00,11-01-2019,11:08:00,4,4472
98,Daksh Purohit,Premium Economy,186,04-07-2022,Alliance Air,Goa,Bangalore,05-07-2022,11:38:00,05-07-2022,12:39:00,1,14640
98,Daksh Purohit,Premium Economy,187,08-09-2020,TruJet,Jaipur,Patna,01-10-2020,05:57:00,01-10-2020,13:35:00,8,6231
99,Chandran Tandon,Business,189,07-05-2019,AirAsia India,Delhi,Goa,23-05-2019,13:16:00,23-05-2019,19:17:00,6,11776
100,Sarthak Sami,Economy,191,04-02-2018,SpiceJet,Lucknow,Pune,08-02-2018,09:32:00,08-02-2018,12:51:00,3,9405
100,Sarthak Sami,Economy,192,07-08-2020,Akasa Air,Hyderabad,Ahmedabad,06-09-2020,18:03:00,06-09-2020,23:37:00,6,14664
100,Sarthak Sami,Economy,193,24-02-2022,Air India,Cochin,Lucknow,24-03-2022,06:22:00,24-03-2022,10:51:00,4,8235
101,Mugdha Rout,Premium Economy,194,08-09-2019,SpiceJet,Bangalore,Kolkata,10-09-2019,15:10:00,10-09-2019,18:03:00,3,6271
102,Isha Kala,Business,196,03-10-2018,Akasa Air,Indore,Goa,08-10-2018,19:46:00,08-10-2018,21:25:00,2,12582
103,Yahvi Gulati,Business,197,23-05-2020,Star Air,Pune,Lucknow,28-05-2020,16:15:00,28-05-2020,17:59:00,2,8441
103,Yahvi Gulati,Business,198,03-11-2021,AirAsia India,Ahmedabad,Hyderabad,30-11-2021,05:14:00,30-11-2021,06:30:00,1,12060
104,Deepa Sur,Economy,199,14-03-2019,IndiGo,Pune,Goa,28-03-2019,08:48:00,28-03-2019,14:07:00,5,10596
105,Warhi Sankar,Business,200,20-06-2018,Star Air,Mumbai,Jaipur,14-07-2018,15:26:00,14-07-2018,21:05:00,6,4691
105,Warhi Sankar,Business,201,21-03-2022,Alliance Air,Ahmedabad,Jaipur,07-04-2022,06:30:00,07-04-2022,12:03:00,6,7683
107,Rachana Mistry,Business,203,26-09-2019,Air India,Hyderabad,Chennai,08-10-2019,13:33:00,08-10-2019,19:10:00,6,3786
107,Rachana Mistry,Business,204,20-05-2020,IndiGo,Cochin,Jaipur,11-06-2020,08:54:00,11-06-2020,16:29:00,8,5006
108,Rushil Anne,Business,205,17-07-2022,TruJet,Mumbai,Goa,05-08-2022,19:37:00,05-08-2022,23:23:00,4,6479
109,Gavin Peri,Premium Economy,206,26-10-2021,Go First,Patna,Mumbai,30-10-2021,11:05:00,30-10-2021,18:24:00,7,11769
110,Arya Bumb,Business,207,28-09-2022,AirAsia India,Indore,Mumbai,10-10-2022,06:10:00,10-10-2022,13:30:00,7,7139
110,Arya Bumb,Business,208,30-01-2022,Go First,Mumbai,Jaipur,18-02-2022,05:06:00,18-02-2022,07:53:00,3,10492
111,Ekta Mitter,Economy,209,06-09-2021,Star Air,Patna,Goa,13-09-2021,21:59:00,13-09-2021,04:10:00,6,5496
112,Vaishnavi Chaudhuri,Economy,212,26-06-2020,TruJet,Goa,Mumbai,05-07-2020,16:17:00,05-07-2020,17:49:00,2,6711
112,Vaishnavi Chaudhuri,Economy,213,11-12-2019,SpiceJet,Chennai,Lucknow,16-12-2019,08:27:00,16-12-2019,15:36:00,7,6549
112,Vaishnavi Chaudhuri,Economy,214,19-10-2018,Star Air,Delhi,Lucknow,23-10-2018,15:02:00,23-10-2018,17:10:00,2,11394
113,Madhavi Aurora,Premium Economy,215,06-06-2019,SpiceJet,Bangalore,Pune,25-06-2019,16:50:00,25-06-2019,19:13:00,2,6109
113,Madhavi Aurora,Premium Economy,216,01-11-2019,Star Air,Goa,Kolkata,20-11-2019,06:41:00,20-11-2019,13:33:00,7,9828
114,Ayaan Pandya,Premium Economy,218,14-07-2022,SpiceJet,Pune,Cochin,20-07-2022,10:04:00,20-07-2022,14:47:00,5,8113
115,Alexander Sabharwal,Economy,219,18-09-2021,AirAsia India,Bangalore,Goa,24-09-2021,05:01:00,24-09-2021,12:18:00,7,6312
116,Saanvi Kibe,Economy,220,13-04-2020,Akasa Air,Jaipur,Chennai,27-04-2020,21:09:00,27-04-2020,04:38:00,7,11492
117,Girik Thaker,Business,221,07-01-2018,Air India,Chennai,Mumbai,11-01-2018,12:33:00,11-01-2018,19:58:00,7,10034
117,Girik Thaker,Business,222,14-07-2020,TruJet,Pune,Ahmedabad,18-07-2020,19:12:00,18-07-2020,23:14:00,4,5759
117,Girik Thaker,Business,223,05-06-2018,Go First,Delhi,Jaipur,18-06-2018,05:00:00,18-06-2018,08:45:00,4,12991
118,Bhavini Guha,Premium Economy,224,11-11-2022,AirAsia India,Jaipur,Chennai,04-12-2022,16:53:00,04-12-2022,00:17:00,7,11770
118,Bhavini Guha,Premium Economy,225,27-08-2018,Go First,Indore,Jaipur,30-08-2018,19:56:00,30-08-2018,01:38:00,6,12780
119,Charvi Ranganathan,Economy,227,24-04-2021,TruJet,Delhi,Bangalore,26-04-2021,06:51:00,26-04-2021,11:45:00,5,13028
120,Januja Upadhyay,Economy,230,02-11-2022,Go First,Mumbai,Patna,30-11-2022,16:30:00,30-11-2022,18:28:00,2,5953
120,Januja Upadhyay,Economy,232,03-07-2018,Akasa Air,Jaipur,Bangalore,02-08-2018,14:15:00,02-08-2018,20:16:00,6,7264
121,Xiti Kothari,Economy,233,02-03-2022,Air India,Chennai,Hyderabad,15-03-2022,20:44:00,15-03-2022,04:09:00,7,14261
122,Libni Goswami,Premium Economy,234,11-02-2021,Star Air,Hyderabad,Delhi,08-03-2021,08:20:00,08-03-2021,10:00:00,2,14110
122,Libni Goswami,Premium Economy,235,06-05-2019,TruJet,Indore,Cochin,21-05-2019,16:24:00,21-05-2019,18:29:00,2,14666
122,Libni Goswami,Premium Economy,236,16-03-2018,Alliance Air,Pune,Goa,04-04-2018,21:06:00,04-04-2018,01:58:00,5,7672
123,Abhiram Golla,Business,237,07-02-2019,Star Air,Ahmedabad,Jaipur,14-02-2019,21:38:00,14-02-2019,23:30:00,2,7646
123,Abhiram Golla,Business,238,26-06-2020,SpiceJet,Delhi,Ahmedabad,10-07-2020,18:13:00,10-07-2020,23:30:00,5,10776
123,Abhiram Golla,Business,239,02-09-2020,IndiGo,Pune,Goa,13-09-2020,11:30:00,13-09-2020,14:21:00,3,12353
124,Mugdha Date,Premium Economy,240,13-03-2019,TruJet,Indore,Goa,11-04-2019,18:38:00,11-04-2019,22:21:00,4,4888
124,Mugdha Date,Premium Economy,241,05-10-2022,Star Air,Jaipur,Cochin,09-10-2022,20:20:00,09-10-2022,01:34:00,5,13208
125,Anusha Dhaliwal,Economy,242,20-11-2019,AirAsia India,Goa,Mumbai,28-11-2019,19:55:00,28-11-2019,22:17:00,2,7026
127,Maya Bal,Economy,245,02-06-2022,SpiceJet,Lucknow,Delhi,25-06-2022,11:04:00,25-06-2022,17:51:00,7,14142
127,Maya Bal,Economy,246,22-07-2018,Alliance Air,Cochin,Ahmedabad,03-08-2018,20:39:00,03-08-2018,22:38:00,2,11399
127,Maya Bal,Economy,247,04-07-2021,Alliance Air,Mumbai,Jaipur,31-07-2021,10:20:00,31-07-2021,15:36:00,5,5883
128,Onveer Palla,Business,248,09-03-2022,Vistara,Pune,Ahmedabad,26-03-2022,12:08:00,26-03-2022,17:17:00,5,3836
129,Ekavir Dada,Premium Economy,249,29-07-2018,AirAsia India,Jaipur,Ahmedabad,06-08-2018,19:06:00,06-08-2018,01:57:00,7,14647
129,Ekavir Dada,Premium Economy,251,23-05-2020,AirAsia India,Patna,Ahmedabad,12-06-2020,08:04:00,12-06-2020,10:48:00,3,13286
130,Yashawini Shroff,Economy,252,21-06-2020,TruJet,Hyderabad,Lucknow,24-06-2020,06:02:00,24-06-2020,09:06:00,3,8349
131,Charvi Dhaliwal,Economy,253,03-01-2021,Go First,Kolkata,Bangalore,18-01-2021,07:55:00,18-01-2021,09:18:00,1,9143
131,Charvi Dhaliwal,Economy,254,21-07-2021,TruJet,Jaipur,Delhi,23-07-2021,07:09:00,23-07-2021,08:20:00,1,9578
132,Harini Muni,Business,255,31-05-2022,Akasa Air,Kolkata,Bangalore,03-06-2022,06:17:00,03-06-2022,10:35:00,4,3734
132,Harini Muni,Business,256,16-04-2022,Akasa Air,Indore,Mumbai,27-04-2022,21:46:00,27-04-2022,00:42:00,3,12792
133,Jagdish Mangal,Business,258,22-04-2021,AirAsia India,Bangalore,Hyderabad,25-04-2021,17:56:00,25-04-2021,20:20:00,2,11213
134,Jalsa Rau,Business,259,26-11-2021,IndiGo,Mumbai,Kolkata,07-12-2021,07:52:00,07-12-2021,11:36:00,4,4142
136,Ekalinga Talwar,Economy,262,11-08-2022,Alliance Air,Jaipur,Goa,03-09-2022,05:17:00,03-09-2022,11:42:00,6,9645
138,Daksh Raju,Premium Economy,265,27-10-2021,Air India,Lucknow,Hyderabad,18-11-2021,16:52:00,18-11-2021,18:24:00,2,13689
139,Sachi Shroff,Business,266,28-10-2021,Alliance Air,Bangalore,Lucknow,04-11-2021,17:09:00,04-11-2021,20:14:00,3,3788
139,Sachi Shroff,Business,267,20-12-2022,SpiceJet,Hyderabad,Lucknow,12-01-2023,09:08:00,12-01-2023,11:22:00,2,9217
140,Tara Rout,Premium Economy,268,20-01-2022,Air India,Goa,Patna,26-01-2022,13:54:00,26-01-2022,19:14:00,5,10840
141,Idika Mand,Premium Economy,269,08-10-2019,Alliance Air,Kolkata,Mumbai,03-11-2019,13:18:00,03-11-2019,20:06:00,7,5756
141,Idika Mand,Premium Economy,270,15-10-2018,Alliance Air,Lucknow,Chennai,06-11-2018,07:16:00,06-11-2018,10:58:00,4,7045
142,Maanav Dara,Economy,271,01-10-2018,AirAsia India,Kolkata,Goa,28-10-2018,09:08:00,28-10-2018,16:08:00,7,13575
142,Maanav Dara,Economy,272,07-08-2022,SpiceJet,Ahmedabad,Patna,20-08-2022,15:17:00,20-08-2022,16:20:00,1,3270
142,Maanav Dara,Economy,273,12-02-2019,SpiceJet,Patna,Kolkata,15-02-2019,13:44:00,15-02-2019,20:49:00,7,8999
143,Atharv Keer,Business,274,10-02-2021,TruJet,Chennai,Delhi,05-03-2021,06:09:00,05-03-2021,09:53:00,4,10625
143,Atharv Keer,Business,275,07-08-2018,SpiceJet,Lucknow,Chennai,17-08-2018,06:05:00,17-08-2018,07:06:00,1,4712
144,Wyatt Bakshi,Economy,277,20-01-2020,Alliance Air,Indore,Goa,10-02-2020,05:03:00,10-02-2020,12:07:00,7,5031
145,Mohini Barad,Premium Economy,278,03-10-2019,Star Air,Goa,Delhi,23-10-2019,07:56:00,23-10-2019,12:16:00,4,3679
146,Jackson Sethi,Economy,279,14-02-2020,Akasa Air,Bangalore,Delhi,12-03-2020,20:22:00,12-03-2020,21:55:00,2,9341
146,Jackson Sethi,Economy,280,10-11-2020,TruJet,Pune,Kolkata,11-11-2020,12:43:00,11-11-2020,16:04:00,3,7373
147,Leena Rau,Business,281,05-10-2019,Alliance Air,Indore,Ahmedabad,25-10-2019,20:07:00,25-10-2019,03:11:00,7,10979
147,Leena Rau,Business,283,01-10-2021,Go First,Delhi,Hyderabad,13-10-2021,10:22:00,13-10-2021,16:40:00,6,12595
149,Faras Cheema,Premium Economy,285,11-03-2019,Air India,Delhi,Jaipur,08-04-2019,12:00:00,08-04-2019,14:38:00,3,5608
150,Kiaan Gole,Premium Economy,286,28-10-2021,Akasa Air,Indore,Cochin,27-11-2021,21:02:00,27-11-2021,00:04:00,3,6589
150,Kiaan Gole,Premium Economy,287,08-06-2020,Vistara,Lucknow,Ahmedabad,17-06-2020,08:39:00,17-06-2020,12:06:00,3,9025
151,Faqid Dara,Economy,289,13-05-2021,Akasa Air,Mumbai,Goa,17-05-2021,13:26:00,17-05-2021,21:12:00,8,5839
152,Chatresh Som,Premium Economy,291,21-04-2018,Go First,Lucknow,Delhi,30-04-2018,17:11:00,30-04-2018,19:52:00,3,3755
152,Chatresh Som,Premium Economy,292,07-11-2020,SpiceJet,Mumbai,Chennai,03-12-2020,13:10:00,03-12-2020,17:22:00,4,6787
153,Krish Dash,Premium Economy,293,04-10-2020,TruJet,Jaipur,Ahmedabad,21-10-2020,16:00:00,21-10-2020,19:05:00,3,7314
153,Krish Dash,Premium Economy,294,11-08-2019,Vistara,Patna,Hyderabad,04-09-2019,19:35:00,04-09-2019,22:55:00,3,14186
153,Krish Dash,Premium Economy,295,16-06-2020,SpiceJet,Cochin,Chennai,24-06-2020,21:22:00,24-06-2020,03:11:00,6,13146
154,Zehaan Loyal,Economy,296,10-09-2021,Akasa Air,Delhi,Jaipur,09-10-2021,05:10:00,09-10-2021,11:29:00,6,14235
155,Balendra Chandran,Business,297,21-03-2022,Go First,Lucknow,Pune,29-03-2022,12:40:00,29-03-2022,16:38:00,4,5457
155,Balendra Chandran,Business,298,16-10-2022,TruJet,Pune,Goa,03-11-2022,06:38:00,03-11-2022,13:14:00,7,13412
156,Onveer Balay,Economy,299,04-12-2018,Star Air,Kolkata,Chennai,09-12-2018,05:30:00,09-12-2018,06:45:00,1,8499
156,Onveer Balay,Economy,300,05-10-2018,Akasa Air,Pune,Lucknow,18-10-2018,16:56:00,18-10-2018,23:12:00,6,4236
156,Onveer Balay,Economy,301,04-11-2018,IndiGo,Goa,Patna,20-11-2018,12:16:00,20-11-2018,19:00:00,7,9750
157,Girik Bhattacharyya,Economy,302,18-11-2020,Star Air,Goa,Hyderabad,08-12-2020,11:34:00,08-12-2020,12:34:00,1,9200
158,Champak Kamdar,Business,303,20-08-2020,TruJet,Lucknow,Jaipur,04-09-2020,20:50:00,04-09-2020,23:35:00,3,6252
158,Champak Kamdar,Business,304,26-02-2020,AirAsia India,Kolkata,Hyderabad,08-03-2020,07:31:00,08-03-2020,11:33:00,4,11892
159,Garima Thaman,Economy,305,10-12-2018,Alliance Air,Hyderabad,Kolkata,26-12-2018,06:35:00,26-12-2018,12:29:00,6,11083
159,Garima Thaman,Economy,306,24-09-2021,Star Air,Goa,Patna,02-10-2021,11:45:00,02-10-2021,17:09:00,5,7099
160,Vasudha Chandra,Premium Economy,307,29-05-2022,SpiceJet,Patna,Pune,27-06-2022,11:27:00,27-06-2022,13:48:00,2,4195
161,Chameli Buch,Economy,308,11-08-2020,Go First,Lucknow,Hyderabad,19-08-2020,13:57:00,19-08-2020,19:12:00,5,13292
161,Chameli Buch,Economy,309,19-10-2020,IndiGo,Pune,Patna,27-10-2020,06:36:00,27-10-2020,13:12:00,7,8799
162,Daksh Uppal,Business,311,10-02-2019,Akasa Air,Goa,Mumbai,16-02-2019,12:04:00,16-02-2019,16:59:00,5,5809
163,Dhriti Malhotra,Premium Economy,312,24-07-2018,Star Air,Goa,Jaipur,05-08-2018,14:17:00,05-08-2018,19:01:00,5,10294
164,Falguni Toor,Economy,313,06-08-2020,Alliance Air,Ahmedabad,Indore,24-08-2020,10:23:00,24-08-2020,18:03:00,8,8828
165,Advay Kadakia,Economy,314,20-01-2019,IndiGo,Ahmedabad,Patna,14-02-2019,06:49:00,14-02-2019,10:49:00,4,9646
167,Chakradev Mittal,Business,316,06-10-2020,Akasa Air,Patna,Cochin,20-10-2020,12:47:00,20-10-2020,18:23:00,6,7297
167,Chakradev Mittal,Business,317,18-07-2018,IndiGo,Kolkata,Delhi,19-07-2018,17:51:00,19-07-2018,21:50:00,4,10962
168,Zayan Chauhan,Premium Economy,318,10-06-2019,IndiGo,Kolkata,Goa,08-07-2019,14:55:00,08-07-2019,18:13:00,3,3798
168,Zayan Chauhan,Premium Economy,319,14-06-2021,Akasa Air,Kolkata,Pune,09-07-2021,19:17:00,09-07-2021,02:27:00,7,4614
169,Saumya Thaker,Premium Economy,320,20-12-2018,Star Air,Hyderabad,Delhi,21-12-2018,19:06:00,21-12-2018,01:56:00,7,10982
169,Saumya Thaker,Premium Economy,321,29-10-2020,SpiceJet,Jaipur,Delhi,30-10-2020,16:15:00,30-10-2020,23:43:00,7,10610
172,Ekani Ramakrishnan,Economy,327,22-10-2021,Air India,Cochin,Patna,11-11-2021,05:56:00,11-11-2021,13:31:00,8,13290
172,Ekani Ramakrishnan,Economy,328,20-11-2020,Go First,Lucknow,Kolkata,27-11-2020,05:11:00,27-11-2020,09:03:00,4,7685
173,Alka Bala,Premium Economy,329,24-12-2018,Vistara,Jaipur,Lucknow,06-01-2019,10:36:00,06-01-2019,18:33:00,8,8988
173,Alka Bala,Premium Economy,330,06-08-2021,Go First,Goa,Patna,05-09-2021,13:09:00,05-09-2021,16:33:00,3,3503
174,Niharika Iyengar,Business,332,18-11-2022,Akasa Air,Bangalore,Kolkata,24-11-2022,10:42:00,24-11-2022,15:23:00,5,3864
174,Niharika Iyengar,Business,333,29-10-2018,SpiceJet,Mumbai,Hyderabad,15-11-2018,14:40:00,15-11-2018,16:23:00,2,13851
174,Niharika Iyengar,Business,334,12-04-2020,SpiceJet,Jaipur,Kolkata,04-05-2020,13:42:00,04-05-2020,18:31:00,5,7052
175,Gaurav Gole,Premium Economy,335,21-09-2022,Star Air,Chennai,Bangalore,13-10-2022,21:57:00,13-10-2022,05:43:00,8,6333
176,Shivansh Dhillon,Premium Economy,337,23-01-2020,TruJet,Hyderabad,Chennai,09-02-2020,14:16:00,09-02-2020,19:38:00,5,14156
177,Ucchal Bal,Premium Economy,338,19-01-2018,AirAsia India,Indore,Hyderabad,20-01-2018,15:22:00,20-01-2018,21:12:00,6,12856
178,Kai Ram,Business,340,25-08-2022,Star Air,Lucknow,Cochin,23-09-2022,19:44:00,23-09-2022,21:37:00,2,6813
179,Balveer Borah,Premium Economy,341,11-05-2021,IndiGo,Hyderabad,Lucknow,13-05-2021,21:22:00,13-05-2021,00:02:00,3,11134
179,Balveer Borah,Premium Economy,342,25-10-2022,Vistara,Hyderabad,Chennai,22-11-2022,19:18:00,22-11-2022,02:31:00,7,10525
179,Balveer Borah,Premium Economy,343,13-10-2018,Star Air,Bangalore,Kolkata,16-10-2018,11:24:00,16-10-2018,12:27:00,1,9513
180,Aadi Sunder,Economy,344,30-12-2021,Star Air,Bangalore,Jaipur,19-01-2022,08:49:00,19-01-2022,14:54:00,6,8165
180,Aadi Sunder,Economy,345,29-07-2019,Air India,Mumbai,Delhi,09-08-2019,17:19:00,09-08-2019,23:52:00,7,10203
182,William Mangat,Economy,347,12-11-2022,Air India,Lucknow,Hyderabad,06-12-2022,16:39:00,06-12-2022,21:01:00,4,14379
182,William Mangat,Economy,348,12-05-2018,Alliance Air,Cochin,Ahmedabad,13-05-2018,05:54:00,13-05-2018,13:42:00,8,12669
183,Simon Bose,Business,349,07-02-2021,Go First,Indore,Patna,06-03-2021,08:16:00,06-03-2021,09:28:00,1,3395
183,Simon Bose,Business,350,06-07-2020,Air India,Lucknow,Indore,14-07-2020,06:45:00,14-07-2020,09:54:00,3,8696
184,Jagat Kannan,Business,352,10-03-2022,Air India,Goa,Cochin,05-04-2022,12:18:00,05-04-2022,18:18:00,6,12355
184,Jagat Kannan,Business,354,07-01-2022,IndiGo,Pune,Mumbai,21-01-2022,18:54:00,21-01-2022,02:49:00,8,14530
185,Lakshit Dada,Business,356,14-11-2019,Vistara,Lucknow,Mumbai,12-12-2019,12:20:00,12-12-2019,14:00:00,2,3081
186,Jagvi Bhatnagar,Economy,357,06-09-2022,Alliance Air,Cochin,Hyderabad,09-09-2022,13:16:00,09-09-2022,17:51:00,5,5226
186,Jagvi Bhatnagar,Economy,358,17-09-2022,Air India,Lucknow,Mumbai,20-09-2022,18:39:00,20-09-2022,02:26:00,8,4689
187,Laksh Dhillon,Premium Economy,359,17-05-2019,Vistara,Cochin,Goa,12-06-2019,18:40:00,12-06-2019,21:01:00,2,9730
188,Zashil Palla,Premium Economy,360,11-09-2022,Vistara,Patna,Indore,16-09-2022,19:51:00,16-09-2022,00:50:00,5,7453
189,Ria Gandhi,Business,361,18-10-2018,Vistara,Pune,Goa,24-10-2018,05:45:00,24-10-2018,10:15:00,5,13501
190,Kala Dayal,Business,362,23-07-2021,IndiGo,Pune,Delhi,05-08-2021,21:47:00,05-08-2021,23:26:00,2,11933
191,Upadhriti Tripathi,Business,363,15-09-2018,Star Air,Jaipur,Hyderabad,06-10-2018,16:59:00,06-10-2018,18:43:00,2,8536
191,Upadhriti Tripathi,Business,364,28-11-2018,AirAsia India,Mumbai,Chennai,08-12-2018,12:26:00,08-12-2018,15:56:00,4,9648
192,Varsha Raju,Economy,365,11-08-2018,IndiGo,Patna,Ahmedabad,30-08-2018,15:08:00,30-08-2018,16:14:00,1,9837
192,Varsha Raju,Economy,366,25-12-2019,Vistara,Hyderabad,Jaipur,01-01-2020,17:59:00,01-01-2020,21:21:00,3,14829
193,Upkaar Sagar,Premium Economy,368,13-06-2019,Alliance Air,Patna,Bangalore,10-07-2019,21:31:00,10-07-2019,02:23:00,5,14979
193,Upkaar Sagar,Premium Economy,369,20-04-2019,AirAsia India,Ahmedabad,Bangalore,29-04-2019,06:50:00,29-04-2019,09:47:00,3,4595
194,Forum Barad,Premium Economy,370,17-11-2022,Akasa Air,Cochin,Kolkata,08-12-2022,16:58:00,08-12-2022,19:21:00,2,11424
194,Forum Barad,Premium Economy,371,12-07-2022,Go First,Patna,Indore,26-07-2022,10:03:00,26-07-2022,13:42:00,4,14501
195,Yagnesh Chaudhary,Premium Economy,372,10-08-2020,Vistara,Chennai,Jaipur,30-08-2020,16:36:00,30-08-2020,20:46:00,4,10953
196,Chakradhar Kumer,Economy,373,25-12-2018,SpiceJet,Chennai,Goa,20-01-2019,06:24:00,20-01-2019,07:59:00,2,8270
196,Chakradhar Kumer,Economy,374,17-11-2019,Go First,Mumbai,Chennai,17-12-2019,13:09:00,17-12-2019,20:25:00,7,11594
197,Anika Ranganathan,Business,375,25-02-2020,Akasa Air,Ahmedabad,Hyderabad,16-03-2020,05:16:00,16-03-2020,08:21:00,3,4813
199,Yashodhara Viswanathan,Premium Economy,377,24-02-2020,Vistara,Goa,Patna,15-03-2020,09:01:00,15-03-2020,12:26:00,3,10604
199,Yashodhara Viswanathan,Premium Economy,378,17-07-2021,Air India,Mumbai,Hyderabad,11-08-2021,05:35:00,11-08-2021,08:44:00,3,13189
200,Timothy Iyer,Economy,379,15-05-2020,Star Air,Kolkata,Jaipur,17-05-2020,12:08:00,17-05-2020,19:44:00,8,4512
